Time Range,Probability
0-5 hours,0.044874639
6-9 hours,0.237172731
10-14 hours,0.251053916
15-18 hours,0.336448857
19-23 hours,0.130449856
