Day of Week,Probability
Friday,0.2132377412913246
Thursday,0.207288662081207
Tuesday,0.20077102285333925
Monday,0.19478034169070335
Wednesday,0.1831456623030841
Sunday,0.0007765697803416907
